iso3,name,region,income_group,year,country_role,gdp_pc_growth_yoy,gdp_per_employed_const,gfcf_pct_gdp,gross_savings_pct_gdp,va_manufacturing_pct_gdp,va_services_pct_gdp,enrolment_tertiary_gross_pct,tax_revenue_pct_gdp,poverty_215_headcount_pct,gini_idx,unemployment_pct,trade_openness_pct_gdp,fdi_inflows_pct_gdp
BRA,Brazil,Latin America & Caribbean,Upper middle income,1990,stagnation,-6.04327176300885,,20.6635851959048,18.9558571795845,22.8281314523658,60.4966083040231,,,30.3,60.5,,15.1555990810218,0.256909930150916
BRA,Brazil,Latin America & Caribbean,Upper middle income,1991,stagnation,-0.686503405708166,32042.3758920787,18.1090137013569,18.7329794645523,21.839067113426,60.5497130345354,,,,,6.887,16.5920777626646,0.32201174402017
BRA,Brazil,Latin America & Caribbean,Upper middle income,1992,stagnation,-2.18850140379996,31036.249010528,18.4232590300656,20.1983835778524,23.3085964339674,68.3574513681691,,,29.4,53.1,7.086,19.2533747878959,0.62798622938011
BRA,Brazil,Latin America & Caribbean,Upper middle income,1993,stagnation,3.23867795103922,31300.6459432924,19.2831161146442,20.2543612152904,26.0497364772714,73.3378800322126,,,28.2,60.1,6.03,19.5993205474635,0.350808564777038
BRA,Brazil,Latin America & Caribbean,Upper middle income,1994,stagnation,4.21094030332965,32420.1547955488,20.748084535259,19.1150403606133,23.7212337008806,56.8943424724272,,,,,6.579,18.6747597961023,0.584731354072149
BRA,Brazil,Latin America & Caribbean,Upper middle income,1995,stagnation,2.63205630347598,33062.2091571686,20.2862976209414,14.4393627074231,14.5422791502638,58.1214163702779,,,19.5,59.5,7.092,16.9844599991956,0.631586020354494
BRA,Brazil,Latin America & Caribbean,Upper middle income,1996,stagnation,0.67296877612381,34226.8314603134,18.6406537838098,14.0413210161005,13.0671912422053,60.3188797926266,,,20.7,59.8,8.035,15.6355914758682,1.47596541135756
BRA,Brazil,Latin America & Caribbean,Upper middle income,1997,stagnation,1.86924434979963,34480.5509646589,19.1229011258392,13.711158574772,13.0186253775094,60.6057128117431,,,20.4,59.8,9.003,16.5762092613247,2.15045305915354
BRA,Brazil,Latin America & Caribbean,Upper middle income,1998,stagnation,-1.143603910048,34155.0446247849,18.5423485026572,13.8904529394102,12.1551371990664,61.1185930442759,,,19.1,59.6,10.15,16.4385849312059,3.34088809328503
BRA,Brazil,Latin America & Caribbean,Upper middle income,1999,stagnation,-0.984800297986069,33554.6102501098,17.0162942226036,12.7369014512502,12.3085333278888,60.2036566282485,,,20.0,59.0,11.125,20.9821664782285,4.73377022686194
BRA,Brazil,Latin America & Caribbean,Upper middle income,2000,stagnation,2.96222045087984,34062.0258846128,18.30448803112,13.9917031283152,13.1346595913847,58.251861249965,,,,,10.889,22.6397613567941,5.03391680528314
BRA,Brazil,Latin America & Caribbean,Upper middle income,2001,stagnation,0.0770005174179715,33602.5508591608,18.4180865009209,13.59459737532,13.0895379357967,57.7136922463033,,,17.5,58.4,10.649,26.936285022064,4.14759377398385
BRA,Brazil,Latin America & Caribbean,Upper middle income,2002,stagnation,1.78204308366739,33447.2981383004,17.9262508238054,15.4058722696436,12.3569626659174,57.3481454732969,,,16.2,58.1,10.641,27.6183574022309,3.25358061271527
BRA,Brazil,Latin America & Caribbean,Upper middle income,2003,stagnation,-0.0458328311687239,33405.5022232838,16.6047591535688,16.4179418086704,14.4507645634139,56.3578281380465,,,17.1,57.6,11.168,28.1403847231593,1.81340052439304
BRA,Brazil,Latin America & Caribbean,Upper middle income,2004,stagnation,4.57169367299971,34011.5553213707,17.3202333242533,18.8550188616847,15.0995301566951,54.9204711078884,,,15.3,56.5,10.072,29.6782524787535,2.71353166307823
BRA,Brazil,Latin America & Caribbean,Upper middle income,2005,stagnation,2.07730833836257,34309.3040987948,17.0561834613227,18.1140955331319,14.7382811396728,56.0758916060326,,,13.7,56.3,10.551,27.0867952043315,1.73389354602718
BRA,Brazil,Latin America & Caribbean,Upper middle income,2006,stagnation,2.86752083975395,34900.0057032547,17.2102995750103,18.4098163065848,14.1089458704485,57.1381272138218,,,11.4,55.6,9.692,26.04169989179,1.753125703626
BRA,Brazil,Latin America & Caribbean,Upper middle income,2007,stagnation,5.00147015838483,36462.8085263444,17.9957613410672,19.3463603055608,14.1542648057288,57.7262362176441,,,10.8,54.9,9.28,25.2926113755394,3.19082601308524
BRA,Brazil,Latin America & Caribbean,Upper middle income,2008,stagnation,4.09221626720056,37362.2574758628,19.3853295551661,19.2268466605026,13.9551769000753,56.8048617742178,,,9.1,54.0,8.268,27.257569417356,2.99060946922903
BRA,Brazil,Latin America & Caribbean,Upper middle income,2009,stagnation,-1.0163236214624,37086.5015871274,19.1019580373901,16.3803650200302,13.0594621488915,59.1450592182315,,,8.4,53.7,9.419,22.1059756060333,1.88848224095724
BRA,Brazil,Latin America & Caribbean,Upper middle income,2010,stagnation,6.62782994932327,39602.8066779964,20.5346736513576,17.8023993523835,12.7218596106703,57.6129219708142,,14.249575957302,,,8.42,22.772178113177,3.73001288350945
BRA,Brazil,Latin America & Caribbean,Upper middle income,2011,stagnation,3.13169854409105,41005.3449068097,20.6089642088056,18.6012664292854,11.7837976692113,57.5681693201729,,14.85129878353,7.1,52.9,7.578,23.9344051758721,3.91518011405433
BRA,Brazil,Latin America & Caribbean,Upper middle income,2012,stagnation,1.09733293821196,41343.559149847,20.7167127703742,17.6781085215019,10.6759423074609,58.733602508431,43.8344116210938,14.3324110913977,6.4,53.4,7.251,25.1142736107398,3.75496285641218
BRA,Brazil,Latin America & Caribbean,Upper middle income,2013,stagnation,2.17333080532316,41958.2643779378,20.9119218718301,18.1516908265514,10.4796122911618,59.6787579933734,44.9966697692871,14.1253057440862,5.4,52.7,7.071,25.7859573274674,3.04150901624338
BRA,Brazil,Latin America & Caribbean,Upper middle income,2014,stagnation,-0.303163572499983,41620.5007869547,19.8730289050629,16.1344049935616,10.3370973963623,61.2509740086137,47.8131904602051,13.4900745188201,4.8,52.1,6.755,24.6854058131291,3.57135266957477
BRA,Brazil,Latin America & Caribbean,Upper middle income,2015,stagnation,-4.30639755912077,40241.3603240311,17.8358070500755,14.5293471758892,10.5209374571105,62.3078671738493,49.0805015563965,13.6296293660896,5.4,51.9,8.538,26.95362593736,3.59214931791344
BRA,Brazil,Latin America & Caribbean,Upper middle income,2016,stagnation,-4.01012719354725,39749.3215058047,15.5243273233005,13.4217530165129,10.7864511144495,63.2036958324333,48.9665794372559,13.7104309800754,6.5,53.4,11.58,24.5336820777006,4.13737803865892
BRA,Brazil,Latin America & Caribbean,Upper middle income,2017,stagnation,0.587668928736335,40207.0253818843,14.5589865169328,13.5777696912267,10.7214980093214,63.33867286247,50.7326316833496,13.6052285149994,7.0,53.3,12.792,24.3197343743057,3.33825981739039
BRA,Brazil,Latin America & Caribbean,Upper middle income,2018,stagnation,1.09040860447158,40287.8207414582,15.0969119555859,12.707419952098,10.5284573770078,62.6533503532075,52.05712890625,13.9401079937096,6.9,53.9,12.329,28.8762033763866,4.07858821454947
BRA,Brazil,Latin America & Caribbean,Upper middle income,2019,stagnation,0.562970837578547,39945.5086419838,15.4711697448233,12.306400609957,10.3325005328998,63.067849250681,53.6215400695801,13.7376948371937,7.0,53.5,11.936,28.8902578698964,3.692673213156
BRA,Brazil,Latin America & Caribbean,Upper middle income,2020,stagnation,-3.83550546659214,41893.3237282763,16.5610215626482,14.8400818260311,10.692931568332,61.4484446407781,55.529109954834,12.7193878561953,2.8,48.8,13.697,32.3020785437939,2.59263795310275
BRA,Brazil,Latin America & Caribbean,Upper middle income,2021,stagnation,4.3179316171849,41904.8315182294,17.9178490532598,17.2170244671916,11.9043730112478,56.9133841887799,57.6311988830566,14.1366751329603,7.5,52.9,13.158,37.6563307598082,2.77979084938159
BRA,Brazil,Latin America & Caribbean,Upper middle income,2022,stagnation,2.64631532411505,40322.9212545869,17.8004023928911,15.8875091585199,13.0740816282273,58.0872310744068,61.0000915527344,14.7258479184963,4.9,51.9,9.231,38.8160659763397,3.8680317970139
BRA,Brazil,Latin America & Caribbean,Upper middle income,2023,stagnation,2.83370012861097,41147.6933819408,16.410975108624,15.0395043181229,13.2531636224002,59.1789358567535,,14.041862416944,3.8,51.5,7.947,33.6662298301438,2.86383344298207
BRA,Brazil,Latin America & Caribbean,Upper middle income,2024,stagnation,3.00083291892194,41441.0405993757,16.9093613197373,14.141150821899,12.1108065153855,59.1707527173878,69.7317733764648,15.4102340832552,3.0,50.3,6.801,35.5845239386244,3.38960808548439
CHL,Chile,Latin America & Caribbean,High income,1990,comparator,1.88581611632009,,23.7709729412989,24.3290776390403,18.3510106606134,46.7176912080462,,13.1916391519859,16.0,57.2,,61.2086377787818,1.97794818425857
CHL,Chile,Latin America & Caribbean,High income,1991,comparator,5.97914025557384,32690.3451502718,20.7492215013557,23.4480570467047,18.883713815397,46.1379888012374,,15.0741621731857,,,5.23,57.5075471638552,2.1518436890016
CHL,Chile,Latin America & Caribbean,High income,1992,comparator,9.71844044949243,34743.9027095415,23.4984374150546,22.8071945542299,18.7466721498403,47.591765895201,,15.5435493385271,11.1,54.8,4.35,55.5417477003547,2.01143578120064
CHL,Chile,Latin America & Caribbean,High income,1993,comparator,5.03866265296217,36051.4194512095,26.2188854128558,22.2682123147593,19.0213910522911,48.6916994421312,,16.1030196183924,,,4.49,52.9138530560271,2.07129503152446
CHL,Chile,Latin America & Caribbean,High income,1994,comparator,3.50625803516114,37459.8205598513,24.7209918225773,22.1204981483329,19.0914315209027,48.904876992959,,15.5051415719314,10.5,56.4,5.87,52.8076839539658,4.49543455707598
CHL,Chile,Latin America & Caribbean,High income,1995,comparator,7.66762918859645,39109.2417295413,25.6194615701593,24.6205748249686,19.2514284613681,48.0904060517893,,15.0239221881507,,,4.7,54.6874835998853,4.00566641535027
CHL,Chile,Latin America & Caribbean,High income,1996,comparator,5.61243124571355,41904.323603961,27.8972604254287,25.3183250176561,15.2270915521376,52.0798387118211,,16.0605426587527,8.0,54.9,7.414,53.9207522864456,6.1267050997206
CHL,Chile,Latin America & Caribbean,High income,1997,comparator,5.96496367578787,44087.4987352764,28.6348409708761,25.0763604901302,14.8805358615268,52.8596291981344,,15.7811009565986,,,7.136,54.099302009374,6.14802074641292
CHL,Chile,Latin America & Caribbean,High income,1998,comparator,2.83546295262515,45092.399209727,27.5785919147179,23.394979013313,14.4175533248013,54.6667305674023,,15.771289644969,7.4,55.5,7.307,53.8361806045338,5.64436806174344
CHL,Chile,Latin America & Caribbean,High income,1999,comparator,-1.52035804686301,46161.2200497622,22.4124645000993,22.4833163552083,14.6831041266895,55.6713105606804,,15.0949570823752,,,11.158,54.6956096251975,11.5919139537542
CHL,Chile,Latin America & Caribbean,High income,2000,comparator,3.72361873178446,47861.4551996137,22.0430828033045,22.5017238796311,15.1925274307283,55.0739180946253,35.4313201904297,16.0724036282154,8.6,52.8,10.491,58.7119233335812,6.20376708218785
CHL,Chile,Latin America & Caribbean,High income,2001,comparator,1.96875181903661,49227.8967667631,22.4880809449817,22.9540058130082,15.9367774372627,55.649663069938,,15.9131257668038,,,10.39,62.144766332768,5.8676609577396
CHL,Chile,Latin America & Caribbean,High income,2002,comparator,2.06991885847773,50236.2091086274,22.2745053659544,23.1216893179353,15.7836746848203,55.8233611259536,40.2664985656738,16.0730676241399,,,10.168,62.4838547414591,3.62905823074114
CHL,Chile,Latin America & Caribbean,High income,2003,comparator,3.63301530196716,50959.5962963379,22.0896291628009,23.5378279968254,15.193758641042,55.1683820147709,43.5181999206543,15.7688272670367,7.9,51.5,9.765,65.6934161956491,4.556949756395
CHL,Chile,Latin America & Caribbean,High income,2004,comparator,5.60291985486168,53277.5656564277,21.3985804067819,24.4277327681936,14.2216397565536,53.2211618197426,44.3284606933594,16.4239450549758,,,10.162,69.8893603825954,5.01507138064187
CHL,Chile,Latin America & Caribbean,High income,2005,comparator,4.79182839139716,54552.5901059194,23.3687957260122,25.1302098186106,12.8191983284035,51.8285157706641,50.2735595703125,18.1208899058922,,,9.34,72.062533372953,4.89870698303569
CHL,Chile,Latin America & Caribbean,High income,2006,comparator,5.01952135827457,55503.7406797669,21.0647065041734,27.6498812574935,11.6836788192905,48.1034487414223,49.3216896057129,19.6120173267628,3.3,47.7,9.024,73.7116341203328,3.0910197191962
CHL,Chile,Latin America & Caribbean,High income,2007,comparator,4.14386212927862,56535.6112499221,21.9798430231851,27.4342310839715,10.6421644007916,49.418245748956,54.7230491638184,20.3790285412133,,,8.427,76.9770240591423,6.11348994449279
CHL,Chile,Latin America & Caribbean,High income,2008,comparator,2.75755699285021,57072.4089558567,26.8810651175453,24.1492079294954,9.97400566946906,54.2357231117595,56.7743988037109,18.7092655630745,,,9.285,80.676626653784,10.4571112913238
CHL,Chile,Latin America & Caribbean,High income,2009,comparator,-2.11061042692428,57009.6396848963,24.1203154623411,24.2769384382053,10.2611589858403,55.4725022803505,59.9912910461426,14.6058605652765,2.6,47.4,11.313,66.6860312494996,7.42256247898025
CHL,Chile,Latin America & Caribbean,High income,2010,comparator,4.79363748014636,55690.3797343864,23.0154603246023,25.6276932578206,9.88717359213424,53.5714377536876,66.3445205688477,17.4710062673519,,,8.547,69.7176802332624,6.84144686828522
CHL,Chile,Latin America & Caribbean,High income,2011,comparator,5.18104033334399,56359.7644296301,24.7203928977823,21.6861213065377,9.90905317308925,54.0451165491945,70.8241806030273,18.9360959983723,1.7,46.9,7.492,72.481642209343,10.4897738058645
CHL,Chile,Latin America & Caribbean,High income,2012,comparator,5.14158431251035,58575.0733913698,26.7526621551814,23.4686626230969,9.82773289412941,55.7580630508983,75.0770721435547,18.9910595532311,,,6.79,68.1561435339271,11.9097449981544
CHL,Chile,Latin America & Caribbean,High income,2013,comparator,2.32789256098182,59308.8060158672,26.3486831942806,22.6663184541001,9.98503290205937,57.2209834231982,79.8703384399414,17.4587728968776,0.8,46.8,6.361,65.1432877063737,7.61396398974862
CHL,Chile,Latin America & Caribbean,High income,2014,comparator,0.783002086375433,59524.5143009569,25.4735399676846,21.6794787310798,9.92046571303201,57.1528757738321,83.6629791259766,17.0445012148873,,,6.761,65.6346274347707,9.83500371419039
CHL,Chile,Latin America & Caribbean,High income,2015,comparator,1.11370445947465,59753.5014934899,25.4703710962194,22.7338612948598,10.3988646679795,58.3447083214397,86.4181137084961,17.5460829269259,0.7,45.3,6.605,59.3491105681231,7.32780348711267
CHL,Chile,Latin America & Caribbean,High income,2016,comparator,0.52983351729867,60006.3501507094,24.1291975843452,21.0878070381514,9.70592438632348,58.982636254565,88.8458862304688,17.4689644143561,,,6.926,56.0578603070995,4.55707488153847
CHL,Chile,Latin America & Caribbean,High income,2017,comparator,-0.235110167425177,59242.2894825317,22.257664449869,19.8421253926699,9.16084501298879,58.2768069527338,89.921989440918,17.5057946834574,0.5,45.3,7.257,56.0261586393213,1.89647029836548
CHL,Chile,Latin America & Caribbean,High income,2018,comparator,2.14988195463914,60264.8352897173,23.0497925735582,19.603708780321,9.6042139700833,58.0012668745901,91.1974792480469,18.3955244984111,,,7.623,58.1770513035882,2.68461345207245
CHL,Chile,Latin America & Caribbean,High income,2019,comparator,-0.952396500724504,59510.5274620498,24.5476232011073,19.6831488302629,8.97674256400038,58.8782292713635,92.0659713745117,17.7173642631894,,,7.493,57.6069157856537,4.87915172452024
CHL,Chile,Latin America & Caribbean,High income,2020,comparator,-6.97738648556296,64117.6021579912,22.5605419373273,19.0916016250211,9.01832546015944,56.3309659115809,89.1124877929688,16.1922461585547,1.7,47.0,10.934,58.1687693933374,4.50500989019161
CHL,Chile,Latin America & Caribbean,High income,2021,comparator,10.8469342332232,68065.6464782789,23.3121724606731,16.6899038524225,8.55784652499058,54.9664074895344,96.2227935791016,19.6648734895169,,,9.281,64.8399924791736,4.81031437211446
CHL,Chile,Latin America & Caribbean,High income,2022,comparator,1.55914868965226,65141.384129718,25.6540546238166,16.8318722707056,9.50169647954698,55.3955051758622,99.3372802734375,21.345490267732,0.6,43.2,8.249,75.2334197533759,6.2344860828365
CHL,Chile,Latin America & Caribbean,High income,2023,comparator,0.135205921667691,64007.9045880781,24.397531470861,20.1458143576453,9.58046626138871,57.4651419170878,104.734062194824,17.7043787454348,,,9.013,60.6766444736157,5.72340675956374
CHL,Chile,Latin America & Caribbean,High income,2024,comparator,2.25410739557456,64104.1483966222,23.6573014977168,21.9478492548433,9.37258927958029,55.7720090332256,110.176902770996,18.2645857950519,0.4,43.0,8.718,63.9577465302563,3.97989457086765
IDN,Indonesia,East Asia & Pacific,Upper middle income,1990,comparator,5.31384899911562,,30.5515620878008,22.4536417723066,19.8930250535284,39.0663465530181,8.29506015777588,19.1370837619352,78.6,31.1,,52.8918614376893,1.02976494269192
IDN,Indonesia,East Asia & Pacific,Upper middle income,1991,comparator,5.03614580488336,12329.328367347,29.6714181829693,22.0730005134311,20.956437936744,39.1334103025629,8.55126953125,17.1896969094773,,,2.617,54.8395648805761,1.2707722797342
IDN,Indonesia,East Asia & Pacific,Upper middle income,1992,comparator,4.66756863412716,12744.1885696456,28.0025934597869,23.3004216565436,21.7564418039552,40.4986368944666,9.37843990325928,17.1229526962939,,,2.734,57.4274341101528,1.38798883350104
IDN,Indonesia,East Asia & Pacific,Upper middle income,1993,comparator,4.69961217882648,13378.9864507769,26.2806731118536,28.9981474546343,22.3049508181013,42.4396665856015,9.33967018127441,14.3564203316314,78.0,31.8,2.782,50.5233858882307,1.26830064559013
IDN,Indonesia,East Asia & Pacific,Upper middle income,1994,comparator,5.74209717065936,14013.3389678388,27.5706877484337,29.8716953233965,23.3480377908308,42.0717116360041,10.4964103698731,15.9484191945104,,,4.366,51.877101049475,1.1922519299764
IDN,Indonesia,East Asia & Pacific,Upper middle income,1995,comparator,6.43541890424098,14827.4878731667,28.4298110883689,28.1384618646814,24.1331787066672,41.0608163751136,11.301739692688,14.9647722699912,,,4.611,53.9585900635426,2.15007984011937
IDN,Indonesia,East Asia & Pacific,Upper middle income,1996,comparator,6.05859636441346,15640.6849869155,29.6023606375148,27.8080799259437,25.6166348710399,39.8719036817834,11.5222902297974,14.234801940785,68.1,34.2,4.861,52.264743657148,2.72419788646708
IDN,Indonesia,East Asia & Pacific,Upper middle income,1997,comparator,3.01090769720686,16093.8517604167,28.3076770626791,29.0309412324569,26.7929465196358,39.5789011173884,13.3638401031494,16.0118484144708,,,4.684,55.9938588086777,2.16779685196237
IDN,Indonesia,East Asia & Pacific,Upper middle income,1998,comparator,-14.489150562289,13654.6518186482,25.4295066667294,22.4224923294215,24.9956709549063,36.686823537659,13.3347997665405,15.0275881804252,82.8,30.9,5.459,96.1861923602686,-0.252290447660406
IDN,Indonesia,East Asia & Pacific,Upper middle income,1999,comparator,-0.712606708277562,13532.0739695312,20.1387593118175,13.2018044083338,25.9948791141402,37.0272710177647,14.6863803863525,16.3158356093432,66.2,30.8,6.358,62.9439128601924,-1.33257354110795
IDN,Indonesia,East Asia & Pacific,Upper middle income,2000,comparator,3.4278636272189,13753.383889271,19.8508544472002,26.2868992080315,22.6597512078726,33.3686365074031,14.810640335083,,65.7,30.3,6.077,71.4368759173731,-2.75743993350903
IDN,Indonesia,East Asia & Pacific,Upper middle income,2001,comparator,2.21481343921472,14109.4896187141,19.6726582041666,27.1997939280408,30.7545972173123,38.4172452290621,14.1229801177978,11.5781845835748,62.3,31.2,6.082,69.7932075256238,-1.85568619300523
IDN,Indonesia,East Asia & Pacific,Upper middle income,2002,comparator,3.09230929876641,14805.778453663,19.4291640497973,23.0174077823404,31.9532784940709,40.104784004948,14.6824598312378,11.8269595891699,46.8,30.2,6.604,59.0794617663723,0.0741516383181159
IDN,Indonesia,East Asia & Pacific,Upper middle income,2003,comparator,3.40244595178829,15311.7258542114,19.5060592212863,20.6840503559517,28.2528418444569,41.0650856896144,15.7722797393799,12.3855320643093,45.5,29.3,6.657,53.6164937473016,-0.254256320381005
IDN,Indonesia,East Asia & Pacific,Upper middle income,2004,comparator,3.7043674512371,15910.66312492,22.4486169728353,20.7642899473513,28.0658265856536,41.0366037289756,16.1766300201416,12.3307678952353,45.4,30.4,7.303,59.761294836691,0.738243979887563
IDN,Indonesia,East Asia & Pacific,Upper middle income,2005,comparator,4.3443558422024,16978.0996165071,23.6405117707791,24.3384866318462,27.4075074800459,40.3323224888783,16.6967105865479,,41.1,29.9,7.945,63.9879358688635,2.91611483313067
IDN,Indonesia,East Asia & Pacific,Upper middle income,2006,comparator,4.11201890218061,17590.1869014914,24.1309915286004,25.7771435873662,27.5375740802454,40.0826385396719,16.767240524292,,46.8,31.5,7.551,56.6571268148867,1.34794264068931
IDN,Indonesia,East Asia & Pacific,Upper middle income,2007,comparator,4.94958392275811,17939.3788308348,24.9469436430223,25.1791234447947,27.0484127487931,39.4841753758365,17.5765991210938,,41.1,33.2,8.06,54.8292499782075,1.6030105718879
IDN,Indonesia,East Asia & Pacific,Upper middle income,2008,comparator,4.64721758277069,18504.4882656508,27.6985912220923,28.45241261442,27.8142729854303,37.457515026462,20.5209503173828,13.3106178269489,38.0,32.6,7.208,58.5613996312961,1.82632902403998
IDN,Indonesia,East Asia & Pacific,Upper middle income,2009,comparator,3.31160021271401,18928.1391156703,31.1147665576043,29.0563767984661,26.3554745271064,37.0577298834625,22.6933307647705,11.0577865188848,37.9,33.4,6.106,45.5121213687054,0.90391941965406
IDN,Indonesia,East Asia & Pacific,Upper middle income,2010,comparator,4.89326246908787,19533.7825833436,30.999408825566,32.7274229888351,22.0386285924438,40.6659902908934,23.4159086398462,,34.1,34.6,5.614,46.7012738758737,2.02517914569356
IDN,Indonesia,East Asia & Pacific,Upper middle income,2011,comparator,4.82294276512758,20220.2222998771,31.3074540365725,33.2200730493007,21.7608545038476,40.5846042111279,25.027444191823,,31.2,37.9,5.153,50.1800131841104,2.30298429381592
IDN,Indonesia,East Asia & Pacific,Upper middle income,2012,comparator,4.67540374198676,20802.9309394067,32.7196280650271,31.9853697689232,21.4509550553875,40.8733748934867,29.0425391195214,,26.6,37.1,4.468,49.5828982992627,2.30978031853073
IDN,Indonesia,East Asia & Pacific,Upper middle income,2013,comparator,4.25603923226443,21813.8602585321,31.9657795676889,31.1217666400168,21.0286886817218,41.5165374799893,29.894529174265,,27.2,38.9,4.336,48.6373726752893,2.55135633401058
IDN,Indonesia,East Asia & Pacific,Upper middle income,2014,comparator,3.77968595157438,22556.1121472951,32.5167414405102,30.6689094593309,21.0751760505565,42.2421853142869,29.9904910473273,,25.7,38.8,4.049,48.0801755855227,2.81997260412102
IDN,Indonesia,East Asia & Pacific,Upper middle income,2015,comparator,3.70583428895539,23462.490158459,32.8119265823923,30.1233564897489,20.9857874310206,43.3090809246806,32.4590200433758,,21.6,38.2,4.514,41.9376402415294,2.29761639380441
IDN,Indonesia,East Asia & Pacific,Upper middle income,2016,comparator,3.91054275495577,24358.5988130577,32.5777314966023,29.9227683259243,20.5229746805052,43.6417488094502,34.8307173410877,,18.0,36.9,4.301,37.4213418023318,0.487372471368879
IDN,Indonesia,East Asia & Pacific,Upper middle income,2017,comparator,4.00109865179923,24981.5489612606,32.1606388642645,30.8783634343379,20.1600223614347,43.6140553296427,35.967012362631,,14.8,36.4,3.783,39.3554970704606,2.01948919812582
IDN,Indonesia,East Asia & Pacific,Upper middle income,2018,comparator,4.15930013909383,25734.2242950276,32.2884970895694,31.6805227940956,19.8631933835963,43.4048373057688,36.1494878042588,,12.5,36.3,4.387,43.0743089552002,1.81428979349441
IDN,Indonesia,East Asia & Pacific,Upper middle income,2019,comparator,4.0413041818536,26237.972652883,32.3468845518546,30.9027135119119,19.7035390875513,44.220745839176,37.3230862728703,,10.9,35.4,3.59,37.6277775357108,2.23336204282241
IDN,Indonesia,East Asia & Pacific,Upper middle income,2020,comparator,-2.89423403981894,25884.2787740597,31.7097564518015,29.2246087288697,19.8664218856304,44.4134399516292,38.1650601406923,,9.8,35.3,4.255,32.9721754002427,1.81058402027127
IDN,Indonesia,East Asia & Pacific,Upper middle income,2021,comparator,2.97476192227879,27058.2834906026,30.7941950585175,32.9372955843682,19.2434077817738,42.8228206251521,40.6293239880732,,8.6,35.5,3.827,40.2047582749671,1.7878556314554
IDN,Indonesia,East Asia & Pacific,Upper middle income,2022,comparator,4.52447576618876,27580.8021477977,29.0848755291885,37.0041185901717,18.3361771080329,41.7909255847112,42.3260385456152,,7.9,35.5,3.462,45.4646701959453,1.87264100861425
IDN,Indonesia,East Asia & Pacific,Upper middle income,2023,comparator,4.16733948268603,28184.2519612783,29.1527172525437,35.8619339722029,18.6674487916783,42.8792527670573,44.8813034886441,,6.7,36.1,3.308,41.4604765447233,1.57116966408747
IDN,Indonesia,East Asia & Pacific,Upper middle income,2024,comparator,4.18121375688376,29217.2839080348,29.1455504170466,34.6828714970206,18.984004004374,43.7709161521491,,,5.4,34.9,3.301,42.809937870822,1.73855290316368
MEX,Mexico,Latin America & Caribbean,Upper middle income,1990,stagnation,3.25104891064525,,17.979459106598,19.8222343593874,19.1355636082271,59.6939619136249,,11.8483646611837,,,,38.5196964133297,1.00821547984529
MEX,Mexico,Latin America & Caribbean,Upper middle income,1991,stagnation,1.99270147824622,50430.0994702178,18.7310274356321,18.2158319682238,18.90927536083,60.3786860228101,,11.5944926057709,,,3.145,35.7865351574196,1.52072722395263
MEX,Mexico,Latin America & Caribbean,Upper middle income,1992,stagnation,1.6256225611147,50385.58450834,19.6225950179852,16.4462619037251,18.5388231560325,61.8075913460711,,11.6024353429574,13.3,52.3,3.235,35.553495904112,1.20966687256407
MEX,Mexico,Latin America & Caribbean,Upper middle income,1993,stagnation,0.978743803735597,50052.0599561782,20.055415222994,18.8495783931937,20.542329720302,58.2260492156437,,8.56713248361392,,,3.365,26.1631235736702,0.827862094071089
MEX,Mexico,Latin America & Caribbean,Upper middle income,1994,stagnation,2.51651622705648,51486.9141507706,21.6662652273206,19.1881563541485,19.7074661553075,58.6574541554768,,8.09605918537858,13.6,53.4,4.436,29.1584721341582,1.98196140419983
MEX,Mexico,Latin America & Caribbean,Upper middle income,1995,stagnation,-7.570493728271,48561.0516483689,16.2136300913179,20.6941261524377,21.1685474105437,58.7641712037711,,8.03161830575895,,,7.095,43.6658317263397,2.50587999844817
MEX,Mexico,Latin America & Caribbean,Upper middle income,1996,stagnation,4.39127291010242,49438.4753585256,17.7149734982107,21.3048889067367,22.21303098142,57.3630164085541,,8.31438930391734,21.7,52.0,5.465,47.7678235339067,2.12551917782763
MEX,Mexico,Latin America & Caribbean,Upper middle income,1997,stagnation,5.4105352178055,49989.6608587188,19.394799246083,21.8274702525933,22.3626601711665,56.7693180620841,,8.59224064670855,,,4.235,46.4918755715735,2.4510099356897
MEX,Mexico,Latin America & Caribbean,Upper middle income,1998,stagnation,4.45852674996333,51869.5901871239,21.0153555461506,22.5673874506878,22.2247240432214,57.2569163541962,,7.70264913994996,21.9,53.3,3.733,48.0318841400179,2.28836855124077
MEX,Mexico,Latin America & Caribbean,Upper middle income,1999,stagnation,1.12511671046124,52172.058197743,20.8990237565587,22.5053913556409,21.2588453236455,57.3594574885817,,8.18517646667802,,,2.598,48.0122495761105,2.20848433629662
MEX,Mexico,Latin America & Caribbean,Upper middle income,2000,stagnation,3.42140514214798,53741.8516984315,21.230361512511,20.8600148446395,21.0445774194384,58.0223867282914,20.5259704589844,9.13229541250167,16.3,53.4,2.646,49.9104091872497,2.47719212470142
MEX,Mexico,Latin America & Caribbean,Upper middle income,2001,stagnation,-1.9162965888934,52913.7258140569,19.6734365305226,20.8045452155785,20.0260585605165,58.7431527458543,21.3776397705078,,,,2.627,44.7401090123173,3.77607805696573
MEX,Mexico,Latin America & Caribbean,Upper middle income,2002,stagnation,-1.66063053524651,52315.0940660191,19.3679310017379,20.5603787774467,19.2312267750835,59.1238892484245,22.3153591156006,,12.8,50.6,3.003,45.209829259652,2.48685750053046
MEX,Mexico,Latin America & Caribbean,Upper middle income,2003,stagnation,-0.219450145073267,51784.1037207636,20.1040413065119,19.782320864365,18.8280656054789,60.5312030209033,23.0477905273438,,,,3.455,48.7004168690455,2.37188032037657
MEX,Mexico,Latin America & Caribbean,Upper middle income,2004,stagnation,2.16106231298699,52313.987115671,20.780907227933,21.4684386553467,18.8456680143057,59.5869309292277,23.7031497955322,,11.0,50.3,3.937,52.0406200335632,3.06821035154364
MEX,Mexico,Latin America & Caribbean,Upper middle income,2005,stagnation,0.745413240991311,51482.2275169756,20.710349715794,19.66514053036,18.0770795013886,60.043987668077,24.130989074707,,11.7,50.9,3.558,52.5626446570451,2.74220134246066
MEX,Mexico,Latin America & Caribbean,Upper middle income,2006,stagnation,3.39577676474912,52199.8200854885,21.6799481845682,21.8950677333074,18.9990298994882,59.0671808446469,24.5689697265625,,9.0,49.7,3.566,54.4821160886169,2.16893035275929
MEX,Mexico,Latin America & Caribbean,Upper middle income,2007,stagnation,0.650788705758472,52168.9934698883,22.3548818517852,21.5882388048939,18.2623757830072,59.30336206351,25.1474304199219,,,,3.628,55.2585243990368,2.81398718042151
MEX,Mexico,Latin America & Caribbean,Upper middle income,2008,stagnation,-0.519889915451088,51927.9663550734,23.5591739565606,20.405125308709,18.1749137479626,59.6814143758064,25.7789402008057,9.5787715278782,10.1,50.8,3.874,56.3652818731773,2.56307995857491
MEX,Mexico,Latin America & Caribbean,Upper middle income,2009,stagnation,-7.65517174021555,48458.7337074434,22.77438581235,20.3574258395666,17.4331987026258,60.9462035581403,26.2105903625488,9.23460486209342,,,5.356,54.5917421356323,2.08311648643152
MEX,Mexico,Latin America & Caribbean,Upper middle income,2010,stagnation,3.47084287436401,49942.856400589,22.5530971573063,19.1230801275762,17.8382139158606,60.4783490690014,27.1670207977295,9.675317453929,8.4,47.7,5.303,59.2733845336286,2.76223720236461
MEX,Mexico,Latin America & Caribbean,Upper middle income,2011,stagnation,1.99026327309548,50469.7074843699,23.4720687923852,19.2529097567633,17.7203860225437,59.8866488326378,28.0361595153809,9.61707214633816,,,5.175,62.1623872764498,1.9442261568419
MEX,Mexico,Latin America & Caribbean,Upper middle income,2012,stagnation,2.15731830473833,50566.2667194536,23.6882073382403,19.1609504944166,18.8000354494769,59.9372072870593,29.3496494293213,9.35241106304745,7.3,49.6,4.892,64.2579318938989,1.45258915061197
MEX,Mexico,Latin America & Caribbean,Upper middle income,2013,stagnation,-0.447810747405228,50273.1391699486,21.9901857822204,16.36445681263,18.1028096283966,61.0665777173355,30.3301601409912,9.88361012140901,,,4.921,62.6916747661852,3.83670268116194
MEX,Mexico,Latin America & Caribbean,Upper middle income,2014,stagnation,1.27091421020926,51083.6659562272,21.6713070677381,16.8470848769093,18.2289217370442,60.0782705550112,31.2052898406982,10.2428550430344,7.2,48.9,4.819,64.0984090315875,2.08415748539387
MEX,Mexico,Latin America & Caribbean,Upper middle income,2015,stagnation,1.6097101105377,51302.9423635393,23.1641829988633,18.515549158143,19.8234213947421,60.5061359793987,31.9718608856201,12.3459757821213,,,4.311,70.4129746799259,2.98783786611186
MEX,Mexico,Latin America & Caribbean,Upper middle income,2016,stagnation,0.790955203187124,51285.0581930396,23.7277194380681,19.384966743581,19.8687757882998,60.0750683879945,38.589771270752,13.1237856071941,4.4,46.9,3.853,75.6903034088551,3.49768027047347
MEX,Mexico,Latin America & Caribbean,Upper middle income,2017,stagnation,0.923425371780112,51419.0082643857,23.225539776985,20.6161724297524,20.1618224119644,59.3653310411041,40.3390693664551,12.6874317286139,,,3.419,76.95212604414,2.78307493364523
MEX,Mexico,Latin America & Caribbean,Upper middle income,2018,stagnation,1.01136623366224,51377.9719656986,23.0474727923304,21.49505806165,20.1893656987831,59.2695792065093,41.6382789611816,12.7121572963245,3.9,46.0,3.275,80.212661650262,3.0141785043816
MEX,Mexico,Latin America & Caribbean,Upper middle income,2019,stagnation,-1.33462177697962,49950.1181473269,21.6659739999182,21.8054202744074,19.8877542722301,59.1556029966149,43.0441398620605,12.7877486089549,,,3.477,77.4619722509459,2.29651449559824
MEX,Mexico,Latin America & Caribbean,Upper middle income,2020,stagnation,-9.10287155806593,49432.4171144825,20.1075280652557,22.1927981725641,20.1842735695707,59.1896498692495,45.1654510498047,13.8975134556433,4.3,44.6,4.44,76.8545557151738,2.81400875229273
MEX,Mexico,Latin America & Caribbean,Upper middle income,2021,stagnation,5.34306680540892,48605.8099837259,21.3097325562162,21.6797240995638,20.8358358617373,58.3256995087389,45.6506195068359,13.411262120908,,,4.019,83.0692976264524,2.70530313479407
MEX,Mexico,Latin America & Caribbean,Upper middle income,2022,stagnation,2.93163504610845,48576.7972491116,22.4237578758145,20.0126087965779,21.48647019504,58.1306222654239,46.4061317443848,13.4041093612799,2.3,43.5,3.256,88.7984855897261,2.67267286267437
MEX,Mexico,Latin America & Caribbean,Upper middle income,2023,stagnation,2.21143135142616,48506.5317617392,23.2773827772419,19.9269884427126,20.4651290537164,57.6769252512863,47.474681854248,14.2244924457043,,,2.765,73.7390758255664,1.7099038174861
MEX,Mexico,Latin America & Caribbean,Upper middle income,2024,stagnation,0.482180650417988,48517.9012787279,23.7623066664138,18.4225686840893,20.130560879445,58.6490269101838,48.203441619873,14.8241106773063,1.6,42.6,2.678,75.4259015415068,2.48429388161511
MYS,Malaysia,East Asia & Pacific,Upper middle income,1990,comparator,5.84109356459912,,33.0430547274544,30.3826806963327,24.2246873976537,44.1926083926067,7.25777006149292,,,,,146.888252533989,5.29807441993264
MYS,Malaysia,East Asia & Pacific,Upper middle income,1991,comparator,6.50385099169159,37393.86825214,36.3562357538261,29.2782620146207,25.5498653089015,44.8195731328261,8.06015014648438,,,,3.7,159.311447263255,8.13632963600556
MYS,Malaysia,East Asia & Pacific,Upper middle income,1992,comparator,6.0401774276111,39192.0225567513,36.6274671161784,31.6964750314478,25.8225932759055,45.6643792888334,9.16376972198486,,5.0,47.7,3.71,150.611220981935,8.76047440214555
MYS,Malaysia,East Asia & Pacific,Upper middle income,1993,comparator,7.11898849226085,41686.6019183468,38.8730153199298,34.7131723521145,25.925990452629,47.9668281124778,9.45715999603271,,,,4.11,157.940462501597,7.4828391233144
MYS,Malaysia,East Asia & Pacific,Upper middle income,1994,comparator,6.46922820641041,43706.5287784286,40.2453686413146,35.0914161292647,26.6406086124598,47.9440911486179,10.3980398178101,,,,3.64,179.904942673986,5.82961425798393
MYS,Malaysia,East Asia & Pacific,Upper middle income,1995,comparator,7.07315866013809,46085.0643930878,43.5859632404831,33.8932551687612,26.3780323904474,47.8822149204623,11.2613296508789,,5.2,48.5,3.15,192.113200253514,4.71024540158831
MYS,Malaysia,East Asia & Pacific,Upper middle income,1996,comparator,7.2619407567863,48609.9626770834,42.4956253054404,37.0407234800784,27.8427632304952,47.9005407280122,,19.3779263159554,,,2.52,181.766982485457,5.03534293107291
MYS,Malaysia,East Asia & Pacific,Upper middle income,1997,comparator,4.68611382857154,50325.6885733836,43.1143206941216,37.0205449212701,28.3802054685143,48.2435813268511,,19.7533668092053,1.7,49.1,2.45,185.66511116237,5.13624115805327
MYS,Malaysia,East Asia & Pacific,Upper middle income,1998,comparator,-9.60703707579333,45357.4122356734,26.825729144233,39.8491589952669,28.7827060156826,48.9710248796969,22.9279899597168,16.7301574972727,,,3.2,209.492202808189,2.99775085201455
MYS,Malaysia,East Asia & Pacific,Upper middle income,1999,comparator,3.63588919830164,46578.3247022312,21.8912502826136,38.305980768975,30.9362157705045,47.8827253261694,24.1853408813477,14.0937080235667,,,3.43,217.570919391949,4.9214666648934
MYS,Malaysia,East Asia & Pacific,Upper middle income,2000,comparator,6.33603610574379,48741.9480726342,25.2920165768334,35.9173795808654,30.8635497655731,46.3014974705458,27.5522994995117,13.6669089031737,,,3.0,220.406788982074,4.03842862393763
MYS,Malaysia,East Asia & Pacific,Upper middle income,2001,comparator,-1.86947729075297,47592.7434036548,25.1234475110543,32.2517790339186,29.3364040399457,49.1730931223924,26.960880279541,17.7948888050621,,,3.53,203.364636010653,0.597029318252079
MYS,Malaysia,East Asia & Pacific,Upper middle income,2002,comparator,2.87262555049826,48449.4676473346,23.4843285587911,32.7350846657081,29.2463982171795,48.6964168752104,28.92991065979,17.4469550876406,,,3.48,199.356232695655,3.16612432250471
MYS,Malaysia,East Asia & Pacific,Upper middle income,2003,comparator,3.31466734765901,49604.0658386749,22.4142665765613,34.8526514617844,29.9286718930962,46.7102388190148,31.2641696929932,15.4956551225138,3.2,46.4,3.61,194.195129056831,2.92094209456765
MYS,Malaysia,East Asia & Pacific,Upper middle income,2004,comparator,4.34321310786574,51148.8106118513,20.9548400162009,35.1374966248144,30.3781473606048,44.5475985554205,29.779899597168,15.1990937626569,,,3.54,210.374265897124,3.50787262049412
MYS,Malaysia,East Asia & Pacific,Upper middle income,2005,comparator,2.97037127170485,52036.741526168,22.3035148589531,36.8157549507862,27.5496800827112,44.1971529384927,27.1163005828857,14.8263910607125,,,3.53,203.854644595624,2.73438734940078
MYS,Malaysia,East Asia & Pacific,Upper middle income,2006,comparator,3.25940653936949,52943.1579730595,21.9550121987185,38.7964745148433,27.5660875626692,43.9262781844017,27.6703605651856,14.5161969824928,1.7,44.8,3.32,202.577146840398,4.72716484834358
MYS,Malaysia,East Asia & Pacific,Upper middle income,2007,comparator,4.01330440274728,54336.3099593009,22.4041843268104,38.7668425775513,26.1225839420447,44.5202452881234,29.375789642334,14.3037228371975,,,3.31,192.465506357652,4.68684578287436
MYS,Malaysia,East Asia & Pacific,Upper middle income,2008,comparator,2.65806478779189,55009.9247154963,20.5703234889584,38.5177080119428,24.5607176579228,43.9481056537511,32.9037017822266,14.6629582567858,1.5,45.5,3.34,176.668324785148,3.28081949125174
MYS,Malaysia,East Asia & Pacific,Upper middle income,2009,comparator,-3.45602642616269,52453.619025694,21.9763571094904,33.3634416267683,23.8001450501293,48.836021810826,35.0602111816406,14.9405015326636,,,3.62,162.558970452699,0.056692316075743
MYS,Malaysia,East Asia & Pacific,Upper middle income,2010,comparator,5.43424070379723,54310.3178584915,22.4353995573594,33.4664682988521,23.4337755680919,48.4774187579282,36.6774305573553,13.3321953103767,,,3.32,157.944764886771,4.26864663854031
MYS,Malaysia,East Asia & Pacific,Upper middle income,2011,comparator,3.46597439015295,55321.8431685699,22.1831391427095,34.0818029856008,23.3202044896916,47.766725565489,35.5661790570975,14.794353171378,0.4,43.6,3.05,154.937684607226,5.07446032143377
MYS,Malaysia,East Asia & Pacific,Upper middle income,2012,comparator,3.69276569143121,56100.2655690344,25.3634484150354,30.9153494882722,23.1381762920437,49.0223958354783,36.825516807355,15.613146742555,,,3.04,147.841754766013,2.82905738174529
MYS,Malaysia,East Asia & Pacific,Upper middle income,2013,comparator,2.91923259894287,56567.2051482073,26.4770560781611,29.4198401146816,22.8407424205833,49.9447288177857,38.0700970900265,15.310235280489,0.1,41.3,3.14,142.720991464873,3.49431175959971
MYS,Malaysia,East Asia & Pacific,Upper middle income,2014,comparator,4.20447757863825,57577.7458273473,25.9744966527874,29.3665669513565,22.8739302431305,50.1226904594272,38.3919142029325,14.8407907140268,,,2.88,138.312231176843,3.14122940365348
MYS,Malaysia,East Asia & Pacific,Upper middle income,2015,comparator,3.28578556272301,59115.0666913895,25.8656435310901,28.3991476426936,22.2933324025137,52.0138720406596,44.289909239243,14.0568621293393,0.1,41.1,3.1,131.37007244526,3.27094402931735
MYS,Malaysia,East Asia & Pacific,Upper middle income,2016,comparator,2.62004557566016,60708.4269381503,25.5177878242928,28.3850019206649,21.7969397965457,52.531571127313,45.4034659569972,13.5507251724192,,,3.44,126.8990100257,4.47130958598651
MYS,Malaysia,East Asia & Pacific,Upper middle income,2017,comparator,3.96186564548185,62735.5048045489,25.062965299807,28.3359876066459,21.8461950799461,51.8821117066805,42.293211695146,12.9459662411797,,,3.41,133.155173371956,2.9358203805856
MYS,Malaysia,East Asia & Pacific,Upper middle income,2018,comparator,3.07401779071937,63942.8344637436,24.2004646026756,26.1283247399226,21.5281381981616,52.9909917677737,43.3100279300797,12.0226658594691,0.0,41.2,3.3,130.402625502126,2.31458721219734
MYS,Malaysia,East Asia & Pacific,Upper middle income,2019,comparator,2.75950122381441,65082.787630927,22.9367865039746,24.546150625052,21.4089748962529,54.1548750822015,40.8082966813944,11.9363488299347,,,3.33,123.028562027943,2.50697705748044
MYS,Malaysia,East Asia & Pacific,Upper middle income,2020,comparator,-6.7093351308522,61442.1481504419,20.9140162759915,23.8210614819294,22.2320858423886,54.7885939890947,39.7445667367633,10.8846712054019,,,4.54,116.788182437638,1.20275464255821
MYS,Malaysia,East Asia & Pacific,Upper middle income,2021,comparator,2.13146199778431,62214.0306927762,19.2873174557577,26.0099609240741,23.363165635524,51.651935586827,38.1899993008367,11.2160748437663,0.0,40.7,4.64,134.035994690727,5.41626377085161
MYS,Malaysia,East Asia & Pacific,Upper middle income,2022,comparator,7.73357563754043,65445.3328429099,18.2081449706805,26.7807789507514,23.3383196840342,51.0158173538955,36.9853099297291,11.6310545373191,,,3.93,146.424604753908,3.68486215546291
MYS,Malaysia,East Asia & Pacific,Upper middle income,2023,comparator,2.26723785284469,66453.9505440969,19.227400080595,23.8583516969162,23.020233887779,53.5466505609237,37.2745812491757,12.5648395418319,,,3.858,132.593461641599,1.97990062716743
MYS,Malaysia,East Asia & Pacific,Upper middle income,2024,comparator,3.83035137439249,68621.5768470984,20.5427183763046,23.3780820262118,22.5003191935602,53.7203005018668,38.5013945445142,12.4304744518644,,,3.846,137.362571161559,3.6930953933026
PHL,Philippines,East Asia & Pacific,Upper middle income,1990,stagnation,0.476020888521106,,,22.4397324368827,,42.6715370190698,23.2742691040039,12.3546103589205,,,,42.922356288058,1.04933276347518
PHL,Philippines,East Asia & Pacific,Upper middle income,1991,stagnation,-2.7987132409376,12711.8096269305,,20.9940259165043,,44.0003347110474,25.9223308563232,12.8095883534011,40.6,43.8,3.727,44.2199237760081,1.05051459399718
PHL,Philippines,East Asia & Pacific,Upper middle income,1992,stagnation,-1.93397839592187,12447.9027417917,,20.7100674276883,,44.4348898286707,25.0141506195068,13.5388730593237,,,3.849,44.9911427301615,0.377343949882479
PHL,Philippines,East Asia & Pacific,Upper middle income,1993,stagnation,-0.245903974024316,12373.9573382432,,20.3512734374584,,44.7932362894614,,13.6808811803346,,,3.869,50.4650429209218,1.99559842727954
PHL,Philippines,East Asia & Pacific,Upper middle income,1994,stagnation,2.12244103611494,12594.1365951133,,22.4209070619903,,44.5762516559314,,14.0378887210762,38.8,42.9,3.767,52.5265038023175,2.17470533097175
PHL,Philippines,East Asia & Pacific,Upper middle income,1995,stagnation,2.3606395486743,12849.8221240193,,21.9351325155766,,45.4102541835984,27.0712604522705,14.2662552351009,,,3.68,57.3305579762779,1.74612997966882
PHL,Philippines,East Asia & Pacific,Upper middle income,1996,stagnation,3.44957899709138,13244.3190130967,,22.4067471448509,,46.3223253050971,28.5230102539062,14.8266416552207,,,3.607,63.8553035508774,1.60277940029249
PHL,Philippines,East Asia & Pacific,Upper middle income,1997,stagnation,2.74055980419841,13548.2226961758,,23.9122337867866,,47.8902296668294,,14.8614949312421,30.7,46.0,3.592,77.2286459172662,1.29853131183765
PHL,Philippines,East Asia & Pacific,Upper middle income,1998,stagnation,-2.98474954559696,13053.4215499323,,29.6191580479745,,50.3701616070368,26.6495494842529,13.6754637567029,,,3.697,80.077201518421,3.0701111773194
PHL,Philippines,East Asia & Pacific,Upper middle income,1999,stagnation,0.738331283023413,13057.9575379732,,35.9678010817108,,51.2549363336746,27.5217990875244,12.8954370860496,,,3.751,77.1614937122172,2.13567999418902
PHL,Philippines,East Asia & Pacific,Upper middle income,2000,stagnation,1.9282797124846,13223.9145496653,19.3691805807864,33.3916737451306,25.2795652500131,51.0836200202037,,12.440324756341,25.9,47.7,3.77,85.1533684600039,1.77722452613512
PHL,Philippines,East Asia & Pacific,Upper middle income,2001,stagnation,0.800810377832349,13236.3148185093,18.3117584849423,34.6236833401699,25.3115458938417,51.7995754391189,28.6476802825928,12.2655086469998,,,3.698,84.9003886237531,0.96298544393499
PHL,Philippines,East Asia & Pacific,Upper middle income,2002,stagnation,1.63440956717702,13369.3252958728,18.3438642061175,35.2688442852804,25.135408678046,51.7681513225796,28.3481502532959,11.6681306910299,,,3.616,83.8448040937789,2.09827504516588
PHL,Philippines,East Asia & Pacific,Upper middle income,2003,stagnation,3.02447664962099,13689.0768848101,18.6282779227354,35.6099556982049,24.8368726452881,52.3084883072534,27.230110168457,11.6664325949085,24.3,46.6,3.527,87.5746443636636,0.565263243432102
PHL,Philippines,East Asia & Pacific,Upper middle income,2004,stagnation,4.51829535753411,14132.6668916186,18.5446006809846,36.2292309162938,24.0119978825828,52.3969001028699,26.5457592010498,11.3644043893781,,,3.554,87.1252848232048,0.623144777963454
PHL,Philippines,East Asia & Pacific,Upper middle income,2005,stagnation,3.00922096669444,14487.5545864854,18.1815181976669,37.7714550955846,24.2699011657558,52.6687766910829,25.823429107666,11.9242240624029,,,3.795,83.8456745708051,1.54906009249231
PHL,Philippines,East Asia & Pacific,Upper middle income,2006,stagnation,3.55972238279863,15004.1796095684,18.7189130549452,37.2282016275856,23.8291853953244,53.1761655626521,26.2468109130859,13.1273014401873,26.1,47.2,4.052,80.8505386728775,2.12091886479217
PHL,Philippines,East Asia & Pacific,Upper middle income,2007,stagnation,4.68750495300476,15567.5619848411,18.8739864213654,36.7544223626749,23.1509115996374,53.3926314484507,,12.9604093017337,,,3.434,73.6449799920629,1.87121245887706
PHL,Philippines,East Asia & Pacific,Upper middle income,2008,stagnation,2.51657128580275,15980.5003540492,19.0839168538075,36.0222747408748,23.2686676777552,52.7186368304904,27.1289901733398,13.0335136905172,,,3.72,67.6810707730401,0.737800589215242
PHL,Philippines,East Asia & Pacific,Upper middle income,2009,stagnation,-0.362955289837316,15776.1579245163,18.6154178372915,37.9486917120278,21.7386143914197,53.9372440034219,26.6055793762207,11.6989355673304,22.0,46.3,3.858,60.8865907869758,1.17324821246427
PHL,Philippines,East Asia & Pacific,Upper middle income,2010,stagnation,5.15869430276467,16450.0579629757,20.4021361731953,39.7514910839799,21.9192017163827,53.9115789019179,27.7549235195177,11.63527559371,,,3.605,66.1042785137797,0.513698049517659
PHL,Philippines,East Asia & Pacific,Upper middle income,2011,stagnation,1.83760514144211,16441.2655383742,18.9666386616273,36.8750710888523,21.704326952574,54.5655820660708,29.0709151463153,11.8490007825541,,,3.592,60.7958366999075,0.856963002985963
PHL,Philippines,East Asia & Pacific,Upper middle income,2012,stagnation,4.8407653397621,17257.2321128234,19.9300649509853,35.1328493512711,21.3285712092783,55.5046996251733,29.6298942276846,12.3059271151495,21.3,46.5,3.504,57.8420055133082,1.22763000703119
PHL,Philippines,East Asia & Pacific,Upper middle income,2013,stagnation,4.76266633818079,18051.4261911975,20.7830144026363,36.3544017148818,20.434498765772,56.7511282641544,31.8704183328366,12.7438220628562,,,3.497,55.8247812320298,1.31642638378197
PHL,Philippines,East Asia & Pacific,Upper middle income,2014,stagnation,4.61514068278228,18572.4641802752,20.8621733408651,37.3474479713157,20.5750839907396,56.6808739042732,33.8741923214799,13.0155171797493,,,3.6,57.4681720875945,1.92937522802216
PHL,Philippines,East Asia & Pacific,Upper middle income,2015,stagnation,4.7872505574235,19445.0689340997,22.2316433811431,35.6348333700962,19.9280223742627,58.5215498609238,35.8745887819664,13.0196105917208,14.6,44.6,3.068,59.1415921053094,1.84018010717942
PHL,Philippines,East Asia & Pacific,Upper middle income,2016,stagnation,5.7212148588973,20231.5517324942,24.9966239249849,35.0547724231085,19.5903031993868,59.508957300169,38.3447414525513,13.0871006913218,,,2.695,61.7760657653871,2.59850803494211
PHL,Philippines,East Asia & Pacific,Upper middle income,2017,stagnation,5.56223020665776,22012.7681484427,25.6429281897957,35.4886316753905,19.5002020558133,59.6904952918166,33.6841018682349,13.5937937490496,,,2.552,68.1683697426727,3.12238778404896
PHL,Philippines,East Asia & Pacific,Upper middle income,2018,stagnation,5.03429067114457,22946.5606688191,27.2832990018419,33.8070507208738,19.0982471668147,59.7861194870255,28.1166228592308,14.0475332790366,8.3,42.3,2.338,72.1633982990273,2.86833826070497
PHL,Philippines,East Asia & Pacific,Upper middle income,2019,stagnation,4.83577546655691,23665.958018796,27.1551252131171,31.7551872075089,18.516454400296,60.8521683732324,30.0548680110365,14.4884730214742,,,2.237,68.8418422595678,2.30117498598294
PHL,Philippines,East Asia & Pacific,Upper middle income,2020,stagnation,-10.5488615065624,22857.1677303125,21.3022620640381,24.8181733606399,17.6581790478661,61.4147713831863,31.6317598507085,13.9509857073772,,,2.522,58.1695603022281,1.88586363211171
PHL,Philippines,East Asia & Pacific,Upper middle income,2021,stagnation,4.76163916254069,23200.7138914669,22.2792795935159,20.2029188331693,17.6400846961045,61.0410268609665,33.6166173848126,14.1300039313539,8.1,40.7,3.398,63.4846098136712,3.04078855310045
PHL,Philippines,East Asia & Pacific,Upper middle income,2022,stagnation,6.76595410569132,22362.2718653738,23.3459667681696,22.4737175447068,17.2293794131524,61.2269920189689,38.4011392706768,14.6190058206626,,,2.598,72.4296836107599,2.3475097233369
PHL,Philippines,East Asia & Pacific,Upper middle income,2023,stagnation,4.66769736272362,23081.7179928575,23.6345055803379,27.3405418997346,16.2303262947388,62.4020109620137,44.2394203278519,14.1044353413729,5.3,39.3,2.2,67.4199693171606,2.04210354820336
PHL,Philippines,East Asia & Pacific,Upper middle income,2024,stagnation,4.84555466042104,23959.6391970391,23.5578639327357,29.1320470859788,15.6722332808061,63.2277855690815,47.4134996154186,14.369653991008,,,2.202,65.8637883882752,2.03571882251572
POL,Poland,Europe & Central Asia,High income,1990,comparator,,,,,,,,,,,,,0.13489396412259
POL,Poland,Europe & Central Asia,High income,1991,comparator,-7.34479099617246,29749.7957066037,,,,,,,,,13.621,,0.340347151546106
POL,Poland,Europe & Central Asia,High income,1992,comparator,2.2010658533475,30412.4379444538,,,,,,,0.2,29.3,13.645,,0.718699593656418
POL,Poland,Europe & Central Asia,High income,1993,comparator,3.47468275954095,31894.8999558973,,,,,,,0.0,26.7,14.393,,1.78565558307046
POL,Poland,Europe & Central Asia,High income,1994,comparator,5.07085552254539,33853.1963841561,,,,,,22.7826807304818,,,14.825,,1.6921827475542
POL,Poland,Europe & Central Asia,High income,1995,comparator,7.78327567268047,36400.4128739968,17.6302972738112,22.2564556699126,19.301578319827,48.7708621431314,,22.2838435133567,2.6,34.6,13.695,43.5552180979904,2.56163380699288
POL,Poland,Europe & Central Asia,High income,1996,comparator,6.01319811600105,38243.2461192877,19.5780131375009,21.2815967506827,18.2522695401875,50.2926876522253,,21.572394641671,9.0,32.6,12.684,45.3767344453465,2.79828077717913
POL,Poland,Europe & Central Asia,High income,1997,comparator,6.28931151450062,40148.5298295655,22.2441969794351,20.9023374992133,17.5865232225717,51.9495974932248,,20.8348034382337,,,10.964,50.376378640536,3.07078506843855
POL,Poland,Europe & Central Asia,High income,1998,comparator,4.58421234371184,41471.0092922128,24.0035720382944,21.7177357282624,17.2753030322928,53.2983899562688,,20.0841792848044,0.2,32.3,9.935,56.5460556555084,3.64155485442631
POL,Poland,Europe & Central Asia,High income,1999,comparator,4.70787806733438,44666.7163170067,24.3244640085765,20.417832926316,16.7323535188119,54.1654422676804,,17.9929799484054,0.9,32.3,12.29,53.8980187624686,4.33907837915662
POL,Poland,Europe & Central Asia,High income,2000,comparator,5.75502267661936,48825.7676697293,23.8127420447032,18.5402256711398,15.9250946892848,56.8411095841388,,16.8889497903998,0.3,33.0,14.928,60.6107209423297,5.39740366105294
POL,Poland,Europe & Central Asia,High income,2001,comparator,1.26167597595419,50438.8986184953,20.5657674406759,17.2250248756852,14.4024296292523,58.280540681646,56.3456916809082,15.9791418620791,0.4,32.8,18.435,57.8785312712895,2.95949603020482
POL,Poland,Europe & Central Asia,High income,2002,comparator,1.94840486282048,52969.2937433071,18.5432520005891,15.2012059628602,14.1375374343365,58.7964553979086,59.5361404418945,16.7881339290098,0.3,34.1,20.211,60.7967990573911,2.04862965818155
POL,Poland,Europe & Central Asia,High income,2003,comparator,3.59326547651193,54692.7547932481,18.2509197048003,16.1801004057642,15.3918642448656,57.9482847667238,60.6214714050293,16.6652745114418,0.2,34.9,19.899,69.2134479841788,2.45743497066474
POL,Poland,Europe & Central Asia,High income,2004,comparator,5.15230495657681,56743.3639319615,18.5995674990585,14.4937678752298,16.5919693942106,55.9833742114646,61.7436981201172,15.6185755633767,2.8,38.0,18.822,70.9815765694162,5.41150845702569
POL,Poland,Europe & Central Asia,High income,2005,comparator,3.30621477152089,57192.2589003098,19.1151050092974,16.790698463394,16.3645570843648,55.8857255613399,63.7791404724121,16.4279824784832,1.4,35.8,17.592,70.3114790902584,3.59641795552772
POL,Poland,Europe & Central Asia,High income,2006,comparator,6.26942932351373,58433.4764238152,20.6873646209386,17.3368532475603,16.532432747176,55.7400722021661,65.0900726318359,17.0920694072435,0.9,34.7,13.794,77.7008035402352,6.20790606582043
POL,Poland,Europe & Central Asia,High income,2007,comparator,6.81843988104569,59435.2065975608,22.6927183608956,18.7911756219366,16.6327568667345,54.9294199742734,66.9424667358398,18.0573047594226,0.6,34.0,9.551,80.745399056691,5.82502177093229
POL,Poland,Europe & Central Asia,High income,2008,comparator,4.36953645222033,59563.5032376311,23.2187374798418,18.1095969946196,16.5077389592063,55.8299281086221,70.2946319580078,18.1987400991461,0.3,33.5,7.069,80.5746815569207,2.7209993736918
POL,Poland,Europe & Central Asia,High income,2009,comparator,2.54561682473884,60842.5499466122,21.6390287021933,16.9022364265755,16.6765529453841,56.2042941342382,72.6793594360352,16.0096652913108,0.6,33.4,8.131,74.9685965264269,3.18105494953636
POL,Poland,Europe & Central Asia,High income,2010,comparator,3.46400853867873,62865.1664546053,19.610376998578,15.698109013977,16.1698747962404,55.3297957201817,76.5571212768555,16.5370235494052,0.6,33.2,9.578,82.2258523219922,3.94489462074706
POL,Poland,Europe & Central Asia,High income,2011,comparator,5.19888222323388,65929.9090633863,20.3980983864419,17.2750228642495,16.1389060287032,54.294328089083,75.8021011352539,16.6696825635336,0.6,33.2,9.576,86.9236892837618,3.57128957712437
POL,Poland,Europe & Central Asia,High income,2012,comparator,1.51202436704637,66809.4336460561,19.4237357928102,16.6821027877468,16.5564693800308,55.3349007114845,75.0382919311523,16.0052569222101,0.4,33.0,10.031,88.8299033066583,1.52886091421625
POL,Poland,Europe & Central Asia,High income,2013,comparator,0.745031977271424,67516.2439244114,18.8010145515116,17.1350208464813,15.5581865074907,56.7410646685001,73.317268371582,15.6742591136229,0.6,33.1,10.293,90.4175072415629,0.258983446617592
POL,Poland,Europe & Central Asia,High income,2014,comparator,3.99831832124629,68766.2633716844,19.9847969664101,17.9226914764192,16.9081122802504,55.7052599572561,70.2389678955078,15.6271982270924,0.6,32.8,8.971,92.0340197113178,3.85089176515991
POL,Poland,Europe & Central Asia,High income,2015,comparator,4.50138467634895,70702.5607447597,20.2410635932191,19.5009217690007,17.6693391336256,55.299619134775,69.3731994628906,15.6135953190934,0.5,31.8,7.475,92.2554272741942,3.29546177974363
POL,Poland,Europe & Central Asia,High income,2016,comparator,3.07547528252388,71582.22163785,18.3470170850393,19.0385310747283,18.2752041844413,55.0625951252974,69.8503799438477,16.2090291324573,0.4,31.2,6.141,96.8659028060623,3.81608721408819
POL,Poland,Europe & Central Asia,High income,2017,comparator,5.13933542172569,73986.8083913758,17.4740439375091,18.7418166967643,16.8858634359557,56.0708540911722,70.6174621582031,16.7355756807269,0.4,29.7,4.867,100.56589524628,2.37812815599278
POL,Poland,Europe & Central Asia,High income,2018,comparator,6.24607110540019,77897.1969973766,18.7557477298941,19.4710628960317,16.4851063076839,56.4266313774483,71.0217437744141,17.1848218488937,0.3,30.2,3.835,102.442462168005,3.34803954559233
POL,Poland,Europe & Central Asia,High income,2019,comparator,4.60600727341085,81204.2075383073,19.1456176918134,20.436103187479,16.6614878848919,56.8247340346225,70.9065017700195,17.1407592886385,0.1,28.8,3.267,101.581033817373,3.15455649244208
POL,Poland,Europe & Central Asia,High income,2020,comparator,-0.861202002378917,80578.3413437777,18.3974922436708,21.2255889283829,16.2083685829628,57.0960625229325,70.9730377197266,17.291144093996,0.2,28.5,3.155,99.2590912303436,3.31499059495462
POL,Poland,Europe & Central Asia,High income,2021,comparator,8.47171799983406,85539.6948432308,16.9279336078133,20.465253353536,17.3006156636927,56.4521825514612,72.2060623168945,18.9590677200004,0.1,28.5,3.268,110.874283021945,5.44306737738578
POL,Poland,Europe & Central Asia,High income,2022,comparator,5.7122759744731,89476.1177076586,16.4361707273812,19.385598275476,17.6513214118709,57.2217295257752,75.2911071777344,17.1225309189416,0.3,28.9,2.811,123.021332860345,6.00626096603428
POL,Poland,Europe & Central Asia,High income,2023,comparator,0.616853101336787,89294.8252387858,17.9012869831235,19.069188211544,17.4578672165103,58.2011282257295,76.8794097900391,17.9988487014512,0.2,28.5,2.743,110.024935041815,4.38918673390545
POL,Poland,Europe & Central Asia,High income,2024,comparator,3.38947422901255,92967.9960366791,17.0407167835613,18.1156905931218,16.0769928111431,59.1475357964785,80.9149627685547,,,,2.807,100.359442847164,2.24523191798779
VNM,Vietnam,East Asia & Pacific,Upper middle income,1990,comparator,2.92330784870207,,,,,38.5889643665832,3.05396008491516,,,,,81.315697940889,2.78132276010011
VNM,Vietnam,East Asia & Pacific,Upper middle income,1991,comparator,3.76339409919927,5415.95178383185,,,,35.7164274446921,2.04989004135132,,,,2.14,66.9469523941752,3.90279682064747
VNM,Vietnam,East Asia & Pacific,Upper middle income,1992,comparator,6.46778613603792,5741.15710086513,,,,38.7978142076503,1.62644994258881,,57.5,35.7,2.109,73.5768851264792,4.80334781572863
VNM,Vietnam,East Asia & Pacific,Upper middle income,1993,comparator,6.0132829316736,6049.59319629879,,,,41.2297337763265,2.01602005958557,,,,2.037,66.2122671512498,7.02759252660212
VNM,Vietnam,East Asia & Pacific,Upper middle income,1994,comparator,6.89120343615872,6422.50070512102,,,,43.7037202997748,2.24714994430542,,,,1.972,77.4731979426888,11.9394828586715
VNM,Vietnam,East Asia & Pacific,Upper middle income,1995,comparator,7.72283797378608,6868.27868841903,25.421159324048,,,44.0613913985635,2.83200001716614,,,,1.955,74.7212659206088,8.58596585460392
VNM,Vietnam,East Asia & Pacific,Upper middle income,1996,comparator,7.68622621093297,7331.08830495311,26.3189430810628,21.196503227514,,42.5112852710671,4.06363010406494,,,,1.93,92.7057468018939,9.71308063712156
VNM,Vietnam,East Asia & Pacific,Upper middle income,1997,comparator,6.59239957601929,7886.87065488603,26.6989347082325,21.7955061723789,,42.153158409938,6.84087991714478,,38.1,35.4,2.87,94.3444840684516,8.2700967582097
VNM,Vietnam,East Asia & Pacific,Upper middle income,1998,comparator,4.25766192653015,8139.39894929141,27.0211652082866,23.3447998293709,,41.7279518693026,9.53810024261475,,,,2.29,97.0012485118429,6.14121440264586
VNM,Vietnam,East Asia & Pacific,Upper middle income,1999,comparator,3.41694816736356,8381.80432989862,25.7034770041656,26.8713762086002,,40.0708102674888,10.4174203872681,,,,2.33,102.787406603958,4.92266345680124
VNM,Vietnam,East Asia & Pacific,Upper middle income,2000,comparator,5.58792950410756,8850.58177078825,27.646803095692,31.2477933126531,,38.7346426776196,9.24740982055664,,,,2.26,111.417094419512,4.16392407955693
VNM,Vietnam,East Asia & Pacific,Upper middle income,2001,comparator,5.08240100546193,9045.5527447064,29.1507287630248,31.3018955804133,,38.6295307451771,9.30103015899658,,,,2.76,111.955937998525,3.97733545270572
VNM,Vietnam,East Asia & Pacific,Upper middle income,2002,comparator,5.23717692306222,9417.31083011974,31.1384532684289,32.5276745084571,,38.4838790358405,9.55722999572754,,43.3,37.0,2.12,116.696868652499,3.99268705133996
VNM,Vietnam,East Asia & Pacific,Upper middle income,2003,comparator,5.83556100746738,9924.84251367157,33.3540361533182,31.4932205734823,,37.9875554860028,9.91792964935303,,,,2.25,124.327954439125,3.66601229989583
VNM,Vietnam,East Asia & Pacific,Upper middle income,2004,comparator,6.49878740751187,10469.6363832715,33.2539734687344,33.4663826860355,,37.9835511186106,,,30.9,36.8,2.14,133.016497868747,3.54408107288199
VNM,Vietnam,East Asia & Pacific,Upper middle income,2005,comparator,6.55339711441117,10992.795861109,31.2735981689298,33.0750336525299,18.8232835631471,42.5688812156661,15.8760204315185,,,,2.078,130.714846045026,3.39040363930871
VNM,Vietnam,East Asia & Pacific,Upper middle income,2006,comparator,5.57239749946528,11423.1477584099,31.363976770146,33.3307633776547,19.3807256267869,42.6884835125499,16.8052501678467,,23.7,35.8,2.046,138.313621869598,3.61600090432522
VNM,Vietnam,East Asia & Pacific,Upper middle income,2007,comparator,5.25231213341748,11834.8360506953,35.1069043263026,31.8402168926241,19.3804144953877,42.8332754503841,18.9504508972168,,,,2.026,154.605383996554,8.65471771434805
VNM,Vietnam,East Asia & Pacific,Upper middle income,2008,comparator,3.74838603993047,12070.6347536496,31.8052012101133,27.9004725574194,18.5796576460957,42.5091596964692,20.0552005767822,,17.6,35.6,1.889,154.317479627758,9.6630390545572
VNM,Vietnam,East Asia & Pacific,Upper middle income,2009,comparator,3.83237459567542,12348.6291101514,33.857133934242,27.5027461713316,18.3010354592131,43.4433537536156,21.5007190704346,,,,1.737,134.706317721758,7.16881988884276
VNM,Vietnam,East Asia & Pacific,Upper middle income,2010,comparator,5.21227683604808,12790.1549732578,35.1596865348136,33.4362082984551,17.1305705708367,40.6273720032231,23.9250975429329,,5.2,39.3,1.114,113.977687539714,5.4347392933443
VNM,Vietnam,East Asia & Pacific,Upper middle income,2011,comparator,5.1944977799937,13356.96664417,30.5694066495721,35.7658995890204,18.694145538196,38.9070145300747,25.8674734818525,,,,0.999,125.260577940829,4.30487434902161
VNM,Vietnam,East Asia & Pacific,Upper middle income,2012,comparator,4.27630507146044,13901.085479596,28.6527327899415,34.8650174309066,20.2740924828827,39.1188401087315,25.7487091222031,,3.7,35.6,1.027,123.224116745985,4.27832287681174
VNM,Vietnam,East Asia & Pacific,Upper middle income,2013,comparator,4.31498880369921,14358.5460599234,28.3027845322716,33.201341895001,20.6874536915425,40.542010129242,25.6249412769592,,,,1.316,130.846354866743,4.16454517277325
VNM,Vietnam,East Asia & Pacific,Upper middle income,2014,comparator,5.13784099364456,15079.6514659694,28.4047020277577,32.9915517464879,20.371229229791,40.9236092881482,31.3306389293887,,3.4,34.8,1.256,135.410521454361,3.94086189051961
VNM,Vietnam,East Asia & Pacific,Upper middle income,2015,comparator,5.66896478541561,16009.8086878279,30.1767255413004,28.0729400269014,20.9600916821922,42.1930087721287,29.7250797402999,,,,1.848,144.914228195237,4.93190773329022
VNM,Vietnam,East Asia & Pacific,Upper middle income,2016,comparator,5.35427097241221,17000.2147796543,29.8938593535094,28.4694474915156,21.4882532002034,42.8544900073075,29.0811980839409,,2.5,35.3,1.848,145.409507973118,4.90089302916746
VNM,Vietnam,East Asia & Pacific,Upper middle income,2017,comparator,5.61787865063133,17973.3795572139,30.5447649065873,28.8568707708552,22.6271239749306,42.5807243141144,25.9526307046456,,,,1.874,160.98008365887,5.01148721749681
VNM,Vietnam,East Asia & Pacific,Upper middle income,2018,comparator,6.28095828201967,18936.4394759814,30.341493072074,30.9316977896393,23.3671679233065,42.1709178908888,,,2.2,35.7,1.161,164.663936775893,4.99828319622328
VNM,Vietnam,East Asia & Pacific,Upper middle income,2019,comparator,6.32464886581907,20457.7304210902,30.3625675367417,31.3330314964469,23.7867165015145,42.4687227777403,30.2241191864014,,,,1.681,164.704215031408,4.821074861051
VNM,Vietnam,East Asia & Pacific,Upper middle income,2020,comparator,1.91581434772165,21529.5499916683,30.2778176424342,33.0073258956685,23.9472430412931,41.8311604395691,,,1.3,36.8,2.103,163.245862814935,4.55836196782424
VNM,Vietnam,East Asia & Pacific,Upper middle income,2021,comparator,1.66651604176819,22082.4320174116,31.0348551186527,32.5963636488186,24.4593726835115,41.2574400803721,41.9554971195048,,,,2.383,186.675832836814,4.27314566190187
VNM,Vietnam,East Asia & Pacific,Upper middle income,2022,comparator,7.7256990331194,23275.2478531629,30.5658412856141,33.0480243558189,24.6563821395791,41.1356424803034,44.7536854027422,,1.6,36.1,1.57,183.153619147836,4.32947308910883
VNM,Vietnam,East Asia & Pacific,Upper middle income,2023,comparator,4.27616318968813,24493.0702822075,30.1293021216687,35.0029432211294,24.1127941421439,42.280320467255,32.8415128147815,,,,1.645,164.995585455876,4.26458856546888
VNM,Vietnam,East Asia & Pacific,Upper middle income,2024,comparator,6.3659748675781,26056.7259908215,29.0429540155282,37.0411480009622,24.3330816740279,42.3541982658904,37.5923642016718,,,,1.602,173.885260216071,4.23450755062236
ZAF,South Africa,Sub-Saharan Africa,Upper middle income,1990,stagnation,-3.05210020449451,,19.6346821943599,14.5339652609084,23.7435109635203,52.4390804809169,11.43630027771,21.1874515142874,,,,38.2118009241798,-0.0600742002495873
ZAF,South Africa,Sub-Saharan Africa,Upper middle income,1991,stagnation,-3.25400629067984,37530.8395767866,17.8611989071624,14.9190153498464,23.1384260995339,54.1811753361547,11.8450698852539,20.9961429260192,,,23.137,34.8816092569776,0.187963513611018
ZAF,South Africa,Sub-Saharan Africa,Upper middle income,1992,stagnation,-3.87926236884013,36246.3139087102,16.3687813304511,14.7652708759134,22.3050145423398,56.9491865117711,12.3273200988769,18.8799893109627,,,23.463,34.3213534993474,0.00228504771765059
ZAF,South Africa,Sub-Saharan Africa,Upper middle income,1993,stagnation,-0.76236352634794,35799.3585406111,14.7481168654162,15.8181708495112,21.3870941167691,57.3095753093944,13.6232995986938,19.8688359609019,44.6,59.3,23.361,35.6981243460429,0.00767048159682976
ZAF,South Africa,Sub-Saharan Africa,Upper middle income,1994,stagnation,1.54195948087219,36188.2220390583,14.9889127441024,15.3713439787969,21.0159817531681,57.3140764710769,15.7045001983643,19.6043743222704,,,23.067,37.1146091666279,0.24389539814991
ZAF,South Africa,Sub-Saharan Africa,Upper middle income,1995,stagnation,1.85604954250009,36807.3271923463,15.7024239847946,16.7229243750952,21.2467296668225,58.2314446131759,,20.2955260214681,,,22.705,39.4780337793026,0.72694450392697
ZAF,South Africa,Sub-Saharan Africa,Upper middle income,1996,stagnation,2.95596987945947,37813.228256288,15.8049377773119,15.6676340468534,20.2672862924698,59.214983285733,,20.9846364817904,,,22.5,42.199251732528,0.500131495666207
ZAF,South Africa,Sub-Saharan Africa,Upper middle income,1997,stagnation,1.37819585551415,38239.1003109132,16.1501322913786,14.8721005678227,19.9134866388256,59.9623259250618,,21.2498395625278,,,22.549,42.3013344291831,2.25505250994968
ZAF,South Africa,Sub-Saharan Africa,Upper middle income,1998,stagnation,-0.711121199354281,37768.1523471464,16.5139705071343,14.7707269426762,19.3278130726006,60.4023022949226,,21.9639431431796,,,22.739,44.0357453368965,0.359738435986599
ZAF,South Africa,Sub-Saharan Africa,Upper middle income,1999,stagnation,1.29020714023875,38006.9894680618,14.841275516056,14.4134925403983,18.5261294778975,61.406463138041,,21.7599312426722,,,22.884,42.2582960172673,0.992187596290552
ZAF,South Africa,Sub-Saharan Africa,Upper middle income,2000,stagnation,3.25127058182207,38857.887144065,14.3870549981056,15.1071311384903,18.968266431053,61.1859808725457,,20.9760632464162,47.9,57.8,22.788,46.2207217354077,0.638427514423676
ZAF,South Africa,Sub-Saharan Africa,Upper middle income,2001,stagnation,1.82108406092082,39151.7242756498,14.3633064576751,14.75987098618,19.0369578655221,60.7831497223987,,21.7005914264295,,,22.652,49.170945185829,5.36834529785161
ZAF,South Africa,Sub-Saharan Africa,Upper middle income,2002,stagnation,2.72292924025332,39833.9064310103,14.0272853046852,17.9462746689553,19.0721822951943,60.791789515513,,20.8248927712355,,,22.579,53.4655016294369,1.14635726911695
ZAF,South Africa,Sub-Saharan Africa,Upper middle income,2003,stagnation,1.92822490144245,40332.1733707017,14.65691258189,18.3856021936131,18.502111880883,62.5769415025101,,20.4927670870354,,,22.679,45.723862568979,0.397492744432543
ZAF,South Africa,Sub-Saharan Africa,Upper middle income,2004,stagnation,3.50654128784933,41408.5772730647,15.1672389589002,16.9812413466822,17.9898145212371,62.5295022900426,,21.6985960707513,,,22.567,45.6435752240041,0.274199790569949
ZAF,South Africa,Sub-Saharan Africa,Upper middle income,2005,stagnation,4.21638584977106,42877.0987817891,15.8783049029154,17.6980975254121,17.3705797296878,62.6447743317012,,22.9721111805983,40.7,65.0,22.472,47.4277813970329,2.25781874505445
ZAF,South Africa,Sub-Saharan Africa,Upper middle income,2006,stagnation,4.53031944639788,44536.7591722291,17.365539559823,18.1066244019378,15.5955245517406,63.4994322880989,,24.3780853808343,,,22.304,53.7681412741145,0.205125538574008
ZAF,South Africa,Sub-Saharan Africa,Upper middle income,2007,stagnation,4.25469604690063,46239.8605134344,19.0216163054292,17.0070365918154,15.4419248277389,62.7545126209971,,24.8072372824336,,,22.26,57.125139137747,1.97755772219349
ZAF,South Africa,Sub-Saharan Africa,Upper middle income,2008,stagnation,2.00798658438173,47128.2244652394,21.6148222161088,16.3236463368662,15.6086910770333,61.5371405407045,,24.322809870073,37.0,62.5,22.407,65.9745237996233,3.12686614310453
ZAF,South Africa,Sub-Saharan Africa,Upper middle income,2009,stagnation,-2.70664075062311,47937.2074335112,19.4908649747967,17.3774362268234,14.5078043632622,63.6360883195073,,21.8948743006162,,,23.523,49.5875353278801,2.31217470344994
ZAF,South Africa,Sub-Saharan Africa,Upper middle income,2010,stagnation,1.82804672464107,50970.7683274615,17.5616357245929,17.14240591184,13.8595736133129,64.2752626096743,,22.5206038776132,27.8,60.9,24.683,50.4060871625999,0.884904611686012
ZAF,South Africa,Sub-Saharan Africa,Upper middle income,2011,stagnation,1.90092049729387,51798.886065775,17.8093691839418,16.1020568568902,12.861770015896,64.3421981264186,,22.8746700116825,,,24.639,54.6363504358971,0.903381424332556
ZAF,South Africa,Sub-Saharan Africa,Upper middle income,2012,stagnation,0.897179683754416,51826.9379174847,17.934933446749,13.4973772040141,12.4825918463265,64.3045111542673,17.9447234835981,23.3457659894736,,,24.727,55.5826171933345,1.06492249485696
ZAF,South Africa,Sub-Saharan Africa,Upper middle income,2013,stagnation,0.805658809846705,51415.2343815344,18.5787122077315,13.8378436838246,12.3667757766351,64.0537426456394,18.6088225305342,23.831391363238,,,24.561,58.875027630051,2.05358095229684
ZAF,South Africa,Sub-Saharan Africa,Upper middle income,2014,stagnation,-0.257188966137676,51147.5088687265,18.301198735847,13.6817734164401,12.4807113856549,64.0117818477066,18.4813356370067,24.4319342176034,27.9,59.6,24.89,59.4995740550593,1.51932743753979
ZAF,South Africa,Sub-Saharan Africa,Upper middle income,2015,stagnation,-0.694265293924985,49639.4778358874,18.0089532852253,14.288975935155,12.5179444713924,64.1025757790295,19.0332949537661,25.0486927031144,,,25.149,56.7266761447156,0.438735792056356
ZAF,South Africa,Sub-Saharan Africa,Upper middle income,2016,stagnation,-0.277781475736276,50336.1073759664,17.4415036155936,14.2879088248417,12.4836443520042,63.913401523834,18.9292980324153,24.8283559884696,,,26.536,55.8612575048782,0.684612553455795
ZAF,South Africa,Sub-Saharan Africa,Upper middle income,2017,stagnation,0.49869596172698,50294.5566240456,16.3988051798909,14.2437065990572,12.5127045016941,64.3304256202533,21.0902909603212,24.76928728931,,,27.035,53.5359318293741,0.539673956759456
ZAF,South Africa,Sub-Saharan Africa,Upper middle income,2018,stagnation,-0.1374850396532,50033.6304541997,15.9221674828456,13.2302445569483,12.4570332833175,64.2531759654529,22.3515425184231,24.8948940727422,,,26.906,54.4855451276341,1.3742911715346
ZAF,South Africa,Sub-Saharan Africa,Upper middle income,2019,stagnation,-1.3803610544763,50027.0502468781,15.4689896600747,13.2160151443918,12.4008912661528,64.3473048295753,22.2442465104023,24.8673453267976,,,28.468,53.8979964081406,1.31407752293306
ZAF,South Africa,Sub-Saharan Africa,Upper middle income,2020,stagnation,-7.67873309598839,50731.5758949678,13.7983605384555,14.308189735041,11.725046778088,64.6102537818073,22.6148742572009,23.2649440409195,,,29.217,50.7596590804177,0.933073684352391
ZAF,South Africa,Sub-Saharan Africa,Upper middle income,2021,stagnation,3.25562042833964,54304.1684288751,13.1098786287254,16.5656001623914,12.0775538850278,62.7445288151422,22.3431289991291,25.9501542020771,,,34.007,56.1647136277546,9.68098022663018
ZAF,South Africa,Sub-Saharan Africa,Upper middle income,2022,stagnation,0.62521727101273,52339.7859434345,14.182485143945,15.3398330255299,12.4454055010392,62.2719610043357,23.7271036201865,26.0196744256587,17.4,54.1,33.268,64.94713440234,2.26670277731613
ZAF,South Africa,Sub-Saharan Africa,Upper middle income,2023,stagnation,-0.523851146279725,49595.87018629,14.9347126554344,14.7159503601655,12.9800055529093,62.7205686343674,23.493768799339,25.3996646845665,,,32.098,65.6798759740707,1.0127377916456
ZAF,South Africa,Sub-Saharan Africa,Upper middle income,2024,stagnation,-0.713538079423742,48752.0959349709,14.5217362279274,13.5815040357795,12.7973009661441,62.9921807546005,,25.8775949092475,,,32.279,61.646770473025,0.580891709673066
